学校,学院,专业,代码,学位类型,年份,总分,政治,外语,专业课一,专业课二,统考报考,推免录取,统考录取,备注
四川大学,不区分院系,金融,0251,专硕,2026,350,58,58,87,87,,,,2026复试线
四川大学,不区分院系,应用统计,0252,专硕,2026,385,60,60,90,90,,,,2026复试线
四川大学,法学院,法律（非法学）,035101,专硕,2026,330,58,58,87,87,,,,2026复试线
四川大学,法学院,法律（法学）,035102,专硕,2026,330,58,58,87,87,,,,2026复试线
四川大学,不区分院系,社会工作,0352,专硕,2026,375,60,60,90,90,,,,2026复试线
四川大学,不区分院系,党务管理,0356,专硕,2026,350,55,55,83,83,,,,2026复试线
四川大学,不区分院系,体育,0452,专硕,2026,345,55,55,165,,,,,2026复试线
四川大学,不区分院系,国际中文教育,0453,专硕,2026,360,60,60,90,90,,,,2026复试线
四川大学,不区分院系,应用心理,0454,专硕,2026,380,60,60,180,,,,,2026复试线
四川大学,不区分院系,翻译,0551,专硕,2026,375,60,60,90,90,,,,2026复试线
四川大学,不区分院系,新闻与传播,0552,专硕,2026,375,60,60,90,90,,,,2026复试线
四川大学,不区分院系,出版,0553,专硕,2026,355,55,55,83,83,,,,2026复试线
四川大学,不区分院系,博物馆,0651,专硕,2026,355,58,58,174,,,,,2026复试线
四川大学,计算机学院,软件工程,085405,专硕,2026,264,35,35,53,53,,,,2026复试线
四川大学,不区分院系,城乡规划,0853,专硕,2026,290,50,50,75,75,,,,2026复试线
四川大学,不区分院系,电子信息,0854,专硕,2026,360,55,55,83,83,,,,2026复试线
四川大学,不区分院系,机械,0855,专硕,2026,350,55,55,83,83,,,,2026复试线
四川大学,不区分院系,材料与化工,0856,专硕,2026,320,50,50,75,75,,,,2026复试线
四川大学,不区分院系,资源与环境,0857,专硕,2026,340,55,55,83,83,,,,2026复试线
四川大学,不区分院系,能源动力,0858,专硕,2026,355,50,50,75,75,,,,2026复试线
四川大学,不区分院系,土木水利,0859,专硕,2026,340,55,55,83,83,,,,2026复试线
四川大学,不区分院系,生物与医药,0860,专硕,2026,305,45,45,68,68,,,,2026复试线
四川大学,不区分院系,风景园林,0862,专硕,2026,335,55,55,83,83,,,,2026复试线
四川大学,不区分院系,林业,0954,专硕,2026,325,55,55,83,83,,,,2026复试线
四川大学,不区分院系,临床医学,1051,专硕,2026,370,60,60,180,,,,,2026复试线
四川大学,不区分院系,口腔医学,1052,专硕,2026,360,60,60,180,,,,,2026复试线
四川大学,不区分院系,公共卫生,1053,专硕,2026,350,55,55,165,,,,,2026复试线
四川大学,不区分院系,护理,1054,专硕,2026,330,53,53,159,,,,,2026复试线
四川大学,不区分院系,药学,1055,专硕,2026,335,58,58,174,,,,,2026复试线
四川大学,不区分院系,医学技术,1058,专硕,2026,340,55,55,165,,,,,2026复试线
四川大学,商学院,工程管理,125601,专硕,2026,220,,60,120,,,,,2026复试线
四川大学,不区分院系,工商管理,1251,专硕,2026,146,,35,70,,,,,2026复试线
四川大学,不区分院系,公共管理,1252,专硕,2026,185,,55,110,,,,,2026复试线
四川大学,不区分院系,会计,1253,专硕,2026,199,,51,102,,,,,2026复试线
四川大学,不区分院系,旅游管理,1254,专硕,2026,185,,50,100,,,,,2026复试线
四川大学,不区分院系,图书情报,1255,专硕,2026,250,,60,120,,,,,2026复试线
四川大学,不区分院系,工程管理,1256,专硕,2026,240,,60,120,,,,,2026复试线
四川大学,不区分院系,美术与书法,1356,专硕,2026,375,58,58,87,87,,,,2026复试线
四川大学,不区分院系,设计,1357,专硕,2026,370,58,58,87,87,,,,2026复试线
四川大学,不区分院系,文物,1451,专硕,2026,290,45,45,68,68,,,,2026复试线