学校,学院,专业,代码,学位类型,年份,总分,政治,外语,数学,专业课,考试科目,招生人数,推免人数,学费,学制,统考报考,推免录取,统考录取,数据来源,备注
四川大学,经济学院,金融,025100,专硕,2026,350,58,58,87,87,①101政治②204英二③303数三④431金融学综合,58,29,21000,2,,,,2026学校线+招生目录,复试科目：金融学
四川大学,经济学院,应用统计,025200,专硕,2026,385,60,60,90,90,①101政治②204英二③303数三④432统计学,14,7,18000,2,,,,2026学校线+招生目录,复试科目：统计学
四川大学,法学院,法律（非法学）,035101,专硕,2026,330,58,58,87,87,①101政治②201英一③398法硕专业基础④498法硕综合,68,24,15000,3,,,,2026学校线+招生目录,含非全20人；复试科目：法理学
四川大学,法学院,法律（法学）,035102,专硕,2026,330,58,58,87,87,①101政治②201英一③397法硕专业基础④497法硕综合,35,12,15000,3,,,,2026学校线+招生目录,含非全10人；复试科目：法理学
四川大学,不区分院系,社会工作,0352,专硕,2026,375,60,60,90,90,,,,,,,,,2026学校线,2026复试线
四川大学,不区分院系,党务管理,0356,专硕,2026,350,55,55,83,83,,,,,,,,,2026学校线,2026复试线
四川大学,不区分院系,体育,0452,专硕,2026,345,55,55,165,,,,,,,,,,2026学校线,2026复试线
四川大学,不区分院系,国际中文教育,0453,专硕,2026,360,60,60,90,90,,,,,,,,,2026学校线,2026复试线
四川大学,不区分院系,应用心理,0454,专硕,2026,380,60,60,180,,,,,,,,,,2026学校线,2026复试线
四川大学,不区分院系,翻译,0551,专硕,2026,375,60,60,90,90,,,,,,,,,2026学校线,2026复试线
四川大学,不区分院系,新闻与传播,0552,专硕,2026,375,60,60,90,90,,,,,,,,,2026学校线,2026复试线
四川大学,不区分院系,出版,0553,专硕,2026,355,55,55,83,83,,,,,,,,,2026学校线,2026复试线
四川大学,不区分院系,博物馆,0651,专硕,2026,355,58,58,174,,,,,,,,,,2026学校线,2026复试线
四川大学,不区分院系,城乡规划,0853,专硕,2026,290,50,50,75,75,,,,,,,,,2026学校线,2026复试线
四川大学,不区分院系,电子信息,0854,专硕,2026,360,55,55,83,83,,,,,,,,,2026学校线,2026复试线
四川大学,不区分院系,机械,0855,专硕,2026,350,55,55,83,83,,,,,,,,,2026学校线,2026复试线
四川大学,不区分院系,材料与化工,0856,专硕,2026,320,50,50,75,75,,,,,,,,,2026学校线,2026复试线
四川大学,不区分院系,资源与环境,0857,专硕,2026,340,55,55,83,83,,,,,,,,,2026学校线,2026复试线
四川大学,不区分院系,能源动力,0858,专硕,2026,355,50,50,75,75,,,,,,,,,2026学校线,2026复试线
四川大学,不区分院系,土木水利,0859,专硕,2026,340,55,55,83,83,,,,,,,,,2026学校线,2026复试线
四川大学,不区分院系,生物与医药,0860,专硕,2026,305,45,45,68,68,,,,,,,,,2026学校线,2026复试线
四川大学,不区分院系,风景园林,0862,专硕,2026,335,55,55,83,83,,,,,,,,,2026学校线,2026复试线
四川大学,不区分院系,林业,0954,专硕,2026,325,55,55,83,83,,,,,,,,,2026学校线,2026复试线
四川大学,不区分院系,临床医学,1051,专硕,2026,370,60,60,180,,,,,,,,,,2026学校线,2026复试线
四川大学,不区分院系,口腔医学,1052,专硕,2026,360,60,60,180,,,,,,,,,,2026学校线,2026复试线
四川大学,不区分院系,公共卫生,1053,专硕,2026,350,55,55,165,,,,,,,,,,2026学校线,2026复试线
四川大学,不区分院系,护理,1054,专硕,2026,330,53,53,159,,,,,,,,,,2026学校线,2026复试线
四川大学,不区分院系,药学,1055,专硕,2026,335,58,58,174,,,,,,,,,,2026学校线,2026复试线
四川大学,不区分院系,医学技术,1058,专硕,2026,340,55,55,165,,,,,,,,,,2026学校线,2026复试线
四川大学,商学院,工程管理,125601,专硕,2026,220,,60,120,,,,,,,,,,2026学校线,2026复试线
四川大学,不区分院系,工商管理,1251,专硕,2026,146,,35,70,,,,,,,,,,2026学校线,2026复试线
四川大学,不区分院系,会计,1253,专硕,2026,199,,51,102,,,,,,,,,,2026学校线,2026复试线
四川大学,不区分院系,旅游管理,1254,专硕,2026,185,,50,100,,,,,,,,,,2026学校线,2026复试线
四川大学,不区分院系,图书情报,1255,专硕,2026,250,,60,120,,,,,,,,,,2026学校线,2026复试线
四川大学,不区分院系,工程管理,1256,专硕,2026,240,,60,120,,,,,,,,,,2026学校线,2026复试线
四川大学,不区分院系,美术与书法,1356,专硕,2026,375,58,58,87,87,,,,,,,,,2026学校线,2026复试线
四川大学,不区分院系,设计,1357,专硕,2026,370,58,58,87,87,,,,,,,,,2026学校线,2026复试线
四川大学,不区分院系,文物,1451,专硕,2026,290,45,45,68,68,,,,,,,,,2026学校线,2026复试线
四川大学,计算机学院,计算机科学与技术,081200,学硕,2026,328,50,50,75,75,①101政治②201英一③301数一④408计算机,49,36,8000,3,,,,学院线+校线,学院总分上调至328，单科按校线；复试科目：C语言（含上机）+综合测试
四川大学,计算机学院,软件工程,083500,学硕,2026,305,50,50,75,75,①101政治②201英一③301数一④408计算机,26,13,8000,3,,,,校线,全部按校线执行；复试科目：C语言（含上机）+综合测试
四川大学,计算机学院,电子信息,085400,专硕,2026,360,55,55,83,83,①101政治②204英二③302数二④408计算机,127,60,15000,3,,,,校线,全部按校线执行，不含085405；复试科目：C语言（含上机）+综合测试
四川大学,计算机学院,软件工程,085405,专硕,2026,264,35,35,53,53,①101政治②204英二③302数二④408计算机,50,0,15000,3,,,,校线,非全日制，全部按校线执行；复试科目：C语言（含上机）+综合测试
四川大学,计算机学院,智能科学与技术,140500,学硕,2026,320,50,50,75,75,①101政治②201英一③301数一④408计算机,10,4,8000,3,,,,校线,交叉学科校线；复试科目：C语言（含上机）+综合测试
四川大学,计算机学院,计算机科学与技术,081200,学硕,2025,,,,,,,,,,,296,44,17,2025报录数据,统考录取17人（不含推免）
四川大学,计算机学院,软件工程,083500,学硕,2025,,,,,,,,,,,99,11,17,2025报录数据,统考录取17人（不含推免）
四川大学,计算机学院,电子信息,085400,专硕,2025,,,,,,,,,,,744,69,85,2025报录数据,统考录取85人（不含推免）
四川大学,计算机学院,软件工程,085405,专硕,2025,,,,,,,,,,,204,,29,2025报录数据,非全日制，统考录取29人
四川大学,计算机学院,智能科学与技术,140500,学硕,2025,,,,,,,,,,,41,5,6,2025报录数据,统考录取6人（不含推免）
四川大学,经济学院,理论经济学,020100,学硕,2025,,,,,,,,,,,142,21,23,2025报录数据,统考录取23人（不含推免）
四川大学,经济学院,应用经济学,020200,学硕,2025,,,,,,,,,,,214,19,31,2025报录数据,统考录取31人（不含推免）
四川大学,经济学院,金融,025100,专硕,2025,,,,,,,,,,,339,26,32,2025报录数据,统考录取32人（不含推免）
四川大学,经济学院,应用统计,025200,专硕,2025,,,,,,,,,,,168,2,12,2025报录数据,统考录取12人（不含推免）
四川大学,经济学院,统计学,027000,学硕,2025,,,,,,,,,,,11,,,2025报录数据,仅有统考报考数据
四川大学,经济学院,公共管理,125200,专硕,2025,,,,,,,,,,,703,,171,2025报录数据,非全日制，统考录取171人
四川大学,电子信息学院,光学工程,080300,学硕,2025,,,,,,,,,,,46,12,15,2025报录数据,统考录取15人（不含推免）
四川大学,电子信息学院,电子科学与技术,080900,学硕,2025,,,,,,,,,,,37,16,13,2025报录数据,统考录取13人（不含推免）
四川大学,电子信息学院,信息与通信工程,081000,学硕,2025,,,,,,,,,,,70,17,20,2025报录数据,统考录取20人（不含推免）
四川大学,电子信息学院,电子信息,085400,专硕,2025,,,,,,,,,,,379,36,80,2025报录数据,统考录取80人（不含推免）
四川大学,经济学院,理论经济学,020100,学硕,2026,,,,,,①101政治②201英一③303数三④801经济学原理,42,21,7200,3,,,,2026招生目录,复试科目：经济学综合（一）
四川大学,经济学院,应用经济学,020200,学硕,2026,,,,,,①101政治②201英一③303数三④802经济学基础及应用,44,22,7200,3,,,,2026招生目录,复试科目：经济学综合（二）
四川大学,经济学院,公共管理,125200,专硕,2026,,,,,,①199管理类综合能力②204英语（二）,160,,28000,3,,,,2026招生目录,非全日制；复试：思想政治、管理综合
四川大学,电子信息学院,光学工程,080300,学硕,2026,,,,,,①101政治②201英一③301数一④853普通物理,38,24,8000,3,,,,2026招生目录,复试科目：物理光学
四川大学,电子信息学院,电子科学与技术,080900,学硕,2026,,,,,,①101政治②201英一③301数一④853普通物理,30,20,8000,3,,,,2026招生目录,复试科目：微波技术基础
四川大学,电子信息学院,信息与通信工程,081000,学硕,2026,,,,,,①101政治②201英一③301数一④854信号与系统,29,20,8000,3,,,,2026招生目录,复试科目：微机原理与接口技术
四川大学,电子信息学院,电子信息,085400,专硕,2026,,,,,,①101政治②204英二③302数二④854信号与系统,97,38,15000,3,,,,2026招生目录,复试科目：大学物理
四川大学,商学院,管理科学与工程,120100,学硕,2026,,,,,,①101政治②201英一③303数三④816运筹学,29,20,7200,3,,,,2026招生目录,复试科目：管理基础理论
四川大学,商学院,企业管理,120202,学硕,2026,,,,,,①101政治②201英一③303数三④817管理学原理,21,16,7200,3,,,,2026招生目录,复试科目：现代企业管理学
四川大学,商学院,工业工程与管理,125603,专硕,2026,,,,,,①199管理类综合能力②204英语（二）,37,3,8000,3,,,,2026招生目录,复试科目：工业工程综合、时事政治
四川大学,商学院,物流工程与管理,125604,专硕,2026,,,,,,①199管理类综合能力②204英语（二）,26,2,8000,3,,,,2026招生目录,复试科目：物流管理综合、时事政治